{"name":"seven_zip","version":"3.0.0","description":"Installs/Configures 7-Zip","long_description":"[![Cookbook Version](http://img.shields.io/cookbook/v/seven_zip.svg)](https://supermarket.chef.io/cookbooks/seven_zip)\n[![Build status](https://ci.appveyor.com/api/projects/status/y1lsnlkd2b3q6gfd/branch/master?svg=true)](https://ci.appveyor.com/project/ChefWindowsCookbooks65871/seven-zip/branch/master)\n\n# seven_zip Cookbook\n[7-Zip](http://www.7-zip.org/) is a file archiver with a high compression ratio. This cookbook installs the full 7-Zip suite of tools (GUI and CLI). This cookbook replaces the older [7-Zip cookbook](https://github.com/sneal/7-zip).\n\n# Requirements\n## Platforms\n- Windows XP\n- Windows Vista\n- Windows 7\n- Windows 8, 8.1\n- Windows 10\n- Windows Server 2003 R2\n- Windows Server 2008 (R1, R2)\n- Windows Server 2012 (R1, R2)\n\n## Chef\n- Chef >= 13.0\n\n## Cookbooks\n- windows\n\n# Attributes\n## Optional\n\n| Key | Type | Description | Default |\n|-----|------|-------------|---------|\n| `['seven_zip']['home']` | String | 7-Zip installation directory. | |\n| `['seven_zip']['syspath']` | Boolean | If true, adds 7-Zip directory to system PATH environment variable. | |\n| `['seven_zip']['default_extract_timeout']` | Integer | The default timeout for an extract operation in seconds. This can be overridden by a resource attribute. | `600` |\n\n# Usage\n## default\n\nAdd `seven_zip::default` to your run\\_list which will download and install 7-Zip for the current Windows platform.\n\n# Resource/Provider\n## seven_zip_archive\nExtracts a 7-Zip compatible archive (iso, zip, 7z, etc.) to the specified destination directory.\n\n#### Actions\n- `:extract` - Extract a 7-Zip compatible archive.\n\n#### Attribute Parameters\n- `path` - Name attribute. The destination to extract to.\n- `source` - The file path to the archive to extract.\n- `overwrite` - Defaults to false. If true, the destination files will be overwritten.\n- `checksum` - The archive file checksum.\n- `timeout` - The extract action timeout in seconds, defaults to `node['seven_zip']['default_extract_timeout']`.\n\n#### Examples\nExtract 7-Zip source files to `C:\\seven_zip_source`.\n\n```ruby\nseven_zip_archive 'seven_zip_source' do\n  path      'C:\\seven_zip_source'\n  source    'https://www.7-zip.org/a/7z1805-src.7z'\n  overwrite true\n  checksum  'd9acfcbbdcad078435586e00f73909358ed8d714d106e064dcba52fa73e75d83'\n  timeout   30\nend\n```\n\n# Recipes\n## default\n\nInstalls 7-Zip and adds it to your system PATH.\n\n# License & Authors\n- Author:: Seth Chisamore (<schisamo@chef.io>)\n- Author:: Shawn Neal (<sneal@sneal.net>)\n\n```text\nCopyright:: 2011-2016, Chef Software, Inc.\n\nLicensed under the Apache License, Version 2.0 (the \"License\");\nyou may not use this file except in compliance with the License.\nYou may obtain a copy of the License at\n\n    http://www.apache.org/licenses/LICENSE-2.0\n\nUnless required by applicable law or agreed to in writing, software\ndistributed under the License is distributed on an \"AS IS\" BASIS,\nWITHOUT WARRANTIES OR CONDITIONS OF ANY KIND, either express or implied.\nSee the License for the specific language governing permissions and\nlimitations under the License.\n```\n","maintainer":"Shawn Neal","maintainer_email":"sneal@sneal.net","license":"Apache-2.0","platforms":{"windows":">= 0.0.0"},"dependencies":{"windows":">= 0.0.0"},"recommendations":{},"suggestions":{},"conflicting":{},"providing":{},"replacing":{},"attributes":{},"groupings":{},"recipes":{},"source_url":"https://github.com/windowschefcookbooks/seven_zip","issues_url":"https://github.com/windowschefcookbooks/seven_zip/issues","chef_version":[[">= 13.0"]],"ohai_version":[]}