{"name":"powershell","version":"6.1.2","description":"Installs/Configures PowerShell on the Windows platform","long_description":"# Powershell Cookbook\n\n[![AppVeyor Build status](https://ci.appveyor.com/api/projects/status/ej1qiur29xbuc2eq/branch/master?svg=true)](https://ci.appveyor.com/project/ChefWindowsCookbooks/powershell/branch/master) [![Cookbook Version](https://img.shields.io/cookbook/v/powershell.svg)](https://supermarket.chef.io/cookbooks/powershell)\n\nInstalls and configures PowerShell 2.0, 3.0, 4.0 or 5.0.\n\n## Requirements\n\n### Platforms\n\nNot every version of Windows supports every version of Powershell. The following table illustrates Powershell support across the Windows family. **Included** means that the base installation of the operating system includes the indicated version of Powershell.\n\nWindows Version                     | PowerShell 2.0 | PowerShell 3.0 | PowerShell 4.0 | PowerShell 5.0\n----------------------------------- | -------------- | -------------- | -------------- | --------------\nWindows Server 2008 R2              | Included       | Supported      | Supported      | Supported\nWindows Server 2012 / Windows 8     | Included       | Included       | Supported      | Supported\nWindows Server 2012R2 / Windows 8.1 | Included       | Not Available  | Included       | Supported\n\n### Chef\n\n- Chef 12.6+\n\n### Cookbooks\n\n- windows 3.0+\n\nPowerShell also requires the appropriate version of the Microsoft .NET Framework to be installed, if the operating system does not ship with that version. The following community cookbooks are used to install the correct version of the .NET Framework:\n\n- ms_dotnet\n\n## Resources\n\n### `powershell_module`\n\nInstalls or uninstalls a Powershell module.\n\n#### Actions\n\n- :install: install the powershell module\n- :uninstall: uninstall the powershell module\n\n#### Attribute Parameters\n\n- `name`: name attribute. Name of the module to install or uninstall.\n- `source`: quoted string of Local directory path(Not zipfile) or URL for the zipped module folder.\n- `package_name`: quoted string of name of the module to install or uninstall.\n- `destination`: location where module should be installed\n\n#### Examples\n\n```ruby\n# Install module from local directory path\n# change the package_name and source\npowershell_module \"PsUrl\" do\n  package_name \"PsUrl\"\n  source \"C:\\\\PsUrl\"\nend\n```\n\n```ruby\n# Install from URL of zipped module folder\npowershell_module \"posh-git\" do\n  package_name \"posh-git\"\n  source \"https://github.com/dahlbyk/posh-git/zipball/master\"\nend\n```\n\n```ruby\n# change the package_name\npowershell_module \"Uninstall PsUrl\" do\n  package_name \"PsUrl\"\n  action :uninstall\nend\n```\n\n```ruby\n# Install without using 'source' attribute\npowershell_module \"https://github.com/dahlbyk/posh-git/zipball/master\" do\n  package_name \"posh-git\"  \nend\n```\n\n## Usage\n\n**Note**: The installation may require a restart of the node being configured before PowerShell can be used.\n\n### default\n\nThe default recipe contains no resources and will do nothing if included on a run_list.\n\n### powershell2\n\nInclude the `powershell2` recipe in a run list, to ensure PowerShell 2.0 is installed. If the platform is not supported, a warning will be logged.\n\n### powershell3\n\nInclude the `powershell3` recipe in a run list, to install PowerShell 3.0 is installed on applicable platforms. If the platform is not supported, a warning will be logged.\n\n### powershell4\n\nInclude the `powershell4` recipe in a run list, to install PowerShell 4.0 is installed on applicable platforms. If the platform is not supported, a warning will be logged.\n\n### powershell5\n\nInclude the `powershell5` recipe in a run list, to install PowerShell 5.0 is installed on applicable platforms. If the platform is not supported, a warning will be logged.\n\n## References\n\n- Installing [Windows Management Framework 2.0](http://support.microsoft.com/kb/968929)\n- Installing [Windows Management Framework 3.0](http://www.microsoft.com/en-us/download/details.aspx?id=34595)\n- Installing [Windows Management Framework 4.0](http://www.microsoft.com/en-us/download/details.aspx?id=40855)\n- Installing [Windows Management Framework 5.0](https://www.microsoft.com/en-us/download/details.aspx?id=50395)\n\n## License & Authors\n\n- Author:: Seth Chisamore ([schisamo@chef.io](mailto:schisamo@chef.io))\n- Author:: Julian Dunn ([jdunn@chef.io](mailto:jdunn@chef.io))\n\n```text\nCopyright:: 2011-2016, Chef Software, Inc.\n\nLicensed under the Apache License, Version 2.0 (the \"License\");\nyou may not use this file except in compliance with the License.\nYou may obtain a copy of the License at\n\n    http://www.apache.org/licenses/LICENSE-2.0\n\nUnless required by applicable law or agreed to in writing, software\ndistributed under the License is distributed on an \"AS IS\" BASIS,\nWITHOUT WARRANTIES OR CONDITIONS OF ANY KIND, either express or implied.\nSee the License for the specific language governing permissions and\nlimitations under the License.\n```\n","maintainer":"Chef Software, Inc.","maintainer_email":"cookbooks@chef.io","license":"Apache-2.0","platforms":{"windows":">= 0.0.0"},"dependencies":{"windows":">= 3.0","ms_dotnet":">= 3.2.1"},"recommendations":{},"suggestions":{},"conflicting":{},"providing":{},"replacing":{},"attributes":{},"groupings":{},"recipes":{"powershell::default":"Makes sure RubyZip is installed (for powershell_module)","powershell::powershell2":"Installs PowerShell 2.0","powershell::powershell3":"Installs PowerShell 3.0","powershell::powershell4":"Installs PowerShell 4.0","powershell::powershell5":"Installs PowerShell 5.0","powershell::winrm":"Configures WinRM","powershell::dsc":"Desired State Configuration","powershell::enable_lcm":"Enable the DSC Local Configuration Manager","powershell::disable_lcm":"Disable the DSC Local Configuration Manager"},"source_url":"https://github.com/chef-cookbooks/powershell","issues_url":"https://github.com/chef-cookbooks/powershell/issues","chef_version":[[">= 12.6"]],"ohai_version":[]}