{"name":"sql_server","version":"6.1.0","description":"Installs/Configures Microsoft SQL Server","long_description":"","maintainer":"Chef Software, Inc.","maintainer_email":"cookbooks@chef.io","license":"Apache-2.0","platforms":{"windows":">= 0.0.0"},"dependencies":{"windows":">= 3.0"},"recommendations":{},"suggestions":{},"conflicting":{},"providing":{},"replacing":{},"attributes":{},"groupings":{},"recipes":{},"source_url":"https://github.com/chef-cookbooks/sql_server","issues_url":"https://github.com/chef-cookbooks/sql_server/issues","chef_version":[[">= 13.0"]],"ohai_version":[]}