{"name":"chocolatey","version":"2.0.1","description":"Install Chocolatey on Windows","long_description":"Installs the Chocolatey package manager for Windows.","maintainer":"Guilhem Lettron","maintainer_email":"guilhem.lettron@youscribe.com","license":"Apache-2.0","platforms":{"windows":">= 0.0.0"},"dependencies":{},"recommendations":{},"suggestions":{},"conflicting":{},"providing":{},"replacing":{},"attributes":{},"groupings":{},"recipes":{},"source_url":"https://github.com/chocolatey/chocolatey-cookbook","issues_url":"https://github.com/chocolatey/chocolatey-cookbook/issues","chef_version":[[">= 12.7"]],"ohai_version":[]}